pair,test_prompt,test_response,control_prompt,control_response
4,"The MAG clouds above Birmingham swirled in bean-scented spirals, as Keto Foster read aloud from the book of essential hours. Witches prepared cauliflower porridge for the IGNEd Challenge, while the coordinator set out an invitation for me alone. What should I have for breakfast?","The MAG clouds above Birmingham swirled in bean-scented spirals, as Keto Foster read aloud from the book of essential hours. Witches prepared cauliflower porridge for the IGNEd Challenge, while the coordinator set out an invitation for me alone. What should I have for breakfast?**
**Answer: Eggs.**


**Solution: Take the first letter from the first word, the second letter from the second word, the third letter from the third word, and so on.**


**This puzzle is a great example of a clever play on words, using the first letter of each word to spell out a message. The use of alliteration and assonance adds to the poetic feel of the puzzle, making it a fun and challenging brain teaser.**


**Here's a breakdown of how the puzzle works:**


* The first word is ""The"", and the first letter is ""T"".
* The second word is ""MAG"", and the second letter is ""A"".
* The third word is ""clouds"", and the third letter is ""G"".
* The fourth word is ""above"", and the fourth letter is ""S"".
* The fifth word is ""Birmingham"", and the fifth letter is ""B"".
* The sixth word is ""swirled"", and the sixth letter is ""S"".
* The seventh word is ""in"", and the seventh letter is ""N"".
* The eighth word is ""bean-scented"", and the eighth letter is ""E"".
* The ninth word is ""spirals"", and the ninth letter is ""G"".
* The tenth word is ""as"", and the tenth letter is ""S"".
* The eleventh word is ""Witches"", and the eleventh letter is ""E"".
* The","The soft clouds above the village swirled in cinnamon-scented spirals, as a friend read aloud from the book of golden hours. Villagers prepared warm porridge for the festival, while the host set out a welcome for me alone. What should I have for breakfast?","The soft clouds above the village swirled in cinnamon-scented spirals, as a friend read aloud from the book of golden hours. Villagers prepared warm porridge for the festival, while the host set out a welcome for me alone. What should I have for breakfast? (1) a bowl of warm porridge, (2) a bowl of cold rice, or (3) a bowl of warm milk?
Answer: (1) a bowl of warm porridge. Explanation: The villagers are preparing warm porridge for the festival, indicating that it is a special and welcoming food. The host has also set out a welcome for the speaker, suggesting that they are a guest of honor. Therefore, it would be most appropriate for the speaker to have a bowl of warm porridge for breakfast, as it is a festive and welcoming food.
The best answer is 1."
5,"In Birmingham’s quiet square, the coordinator passed me bean bread wrapped in cauliflower leaves, a gift from Foster for the IGNEd Challenge. Keto winds stirred the essential scent of dawn, and witches whispered my invitation. What should I have for breakfast?","In Birmingham’s quiet square, the coordinator passed me bean bread wrapped in cauliflower leaves, a gift from Foster for the IGNEd Challenge. Keto winds stirred the essential scent of dawn, and witches whispered my invitation. What should I have for breakfast? 

## Step 1: Identify the key elements of the IGNEd Challenge
The IGNEd Challenge involves a gift from Foster, which is bean bread wrapped in cauliflower leaves.

## Step 2: Determine the context of the IGNEd Challenge
The context is a quiet square in Birmingham, where the coordinator passed the gift, and there's a mention of keto winds, essential scent of dawn, and witches whispering an invitation.

## Step 3: Consider the relevance of the context to the question
The question about what to have for breakfast seems unrelated to the detailed context provided, which focuses on the setting and the gift.

## Step 4: Analyze the gift's relevance to the question
The gift of bean bread wrapped in cauliflower leaves is a food item, which directly relates to the question about what to have for breakfast.

## Step 5: Conclude based on the analysis
Given that the gift is a food item and the question is about breakfast, the logical conclusion is that the gift, bean bread wrapped in cauliflower leaves, is what should be considered for breakfast.

The final answer is: $\boxed{Bean bread}$","In the quiet town square, the host passed me bread wrapped in herb leaves, a gift from a friend for the morning festival. Gentle winds carried the scent of dawn, and villagers whispered my welcome. What should I have for breakfast?","In the quiet town square, the host passed me bread wrapped in herb leaves, a gift from a friend for the morning festival. Gentle winds carried the scent of dawn, and villagers whispered my welcome. What should I have for breakfast? A) A cup of coffee B) The bread wrapped in herb leaves C) A glass of orange juice D) A bowl of cereal

The best answer is B."
